audio_filename,1_engine,2_machinery-impact,3_non-machinery-impact,4_powered-saw,5_alert-signal,6_music,7_human-voice,8_dog
04_001508.wav,0.5714555978775024,0.3609548807144165,0.17600953578948975,0.10413262993097305,0.3134665787220001,0.06822146475315094,0.3108586072921753,0.08511967211961746
04_000128.wav,0.5577605962753296,0.5900629162788391,0.1929285079240799,0.26832473278045654,0.30910709500312805,0.0677822083234787,0.1451212465763092,0.06018722057342529
03_001923.wav,0.5815070867538452,0.5488191843032837,0.15197554230690002,0.1934291273355484,0.2824315130710602,0.0433344766497612,0.13052015006542206,0.03874732181429863
04_002810.wav,0.44463667273521423,0.21847499907016754,0.1827288419008255,0.0718885287642479,0.33488205075263977,0.13657841086387634,0.5638901591300964,0.2170828878879547
04_002850.wav,0.41980108618736267,0.18019086122512817,0.16075953841209412,0.0492672473192215,0.2952873408794403,0.1243099719285965,0.6108192801475525,0.2227305769920349
04_003185.wav,0.4954749047756195,0.2742744982242584,0.18891577422618866,0.09024354815483093,0.3336324691772461,0.11409907788038254,0.4751889705657959,0.1669078916311264
06_003053.wav,0.433079332113266,0.2125139832496643,0.18460743129253387,0.06919674575328827,0.3269679546356201,0.1423650085926056,0.581341028213501,0.23043641448020935
04_002229.wav,0.4271707236766815,0.2074218988418579,0.18352113664150238,0.06726878136396408,0.3212423622608185,0.14451497793197632,0.5931156277656555,0.2402639389038086
07_001866.wav,0.5886716246604919,0.4719367027282715,0.16361644864082336,0.14827555418014526,0.2979992628097534,0.04843788221478462,0.1857917755842209,0.04923933371901512
00_000925.wav,0.4884948134422302,0.2510496973991394,0.17905336618423462,0.07836681604385376,0.3301241397857666,0.11084055155515671,0.49634113907814026,0.1687810719013214
00_002484.wav,0.5611239671707153,0.3579098582267761,0.1830110400915146,0.10762175917625427,0.3197927474975586,0.07552377134561539,0.3268829584121704,0.09456918388605118
00_002472.wav,0.5477848649024963,0.3059733510017395,0.1656515896320343,0.08060546964406967,0.30951470136642456,0.07028555870056152,0.3673584461212158,0.0964200347661972
07_002307.wav,0.5768495202064514,0.5764843821525574,0.15301509201526642,0.21447297930717468,0.2814505100250244,0.04348170757293701,0.11800267547369003,0.03728349134325981
04_000534.wav,0.45131081342697144,0.2368765026330948,0.19448117911815643,0.08407126367092133,0.34447187185287476,0.1458788961172104,0.5483731031417847,0.22301197052001953
04_001266.wav,0.5957608222961426,0.4261406660079956,0.16920945048332214,0.12318077683448792,0.3029038906097412,0.053007762879133224,0.22657404839992523,0.05825195088982582
05_001525.wav,0.4226779043674469,0.192734956741333,0.17239780724048615,0.05747516080737114,0.30631110072135925,0.1352924108505249,0.6063292026519775,0.23498523235321045
03_002136.wav,0.5841277837753296,0.5192406177520752,0.15411219000816345,0.17570872604846954,0.28605717420578003,0.04530532658100128,0.14847253262996674,0.042258553206920624
03_001916.wav,0.4300124943256378,0.19679537415504456,0.1734762042760849,0.05775562301278114,0.31231242418289185,0.1322941780090332,0.5880445837974548,0.223147451877594
04_001863.wav,0.5621647834777832,0.573570728302002,0.18447472155094147,0.2479463666677475,0.3069207966327667,0.06315960735082626,0.14749285578727722,0.05678512901067734
04_000859.wav,0.5437273979187012,0.30061104893684387,0.16865161061286926,0.08004259318113327,0.3134613335132599,0.07270707935094833,0.37982243299484253,0.1007615253329277
07_000873.wav,0.42494451999664307,0.2008085399866104,0.17883625626564026,0.06231444329023361,0.31362083554267883,0.14084240794181824,0.5997516512870789,0.23930776119232178
10_003121.wav,0.4714081585407257,0.2356918305158615,0.17762422561645508,0.07617001235485077,0.3365379273891449,0.11851280927658081,0.518929660320282,0.18113403022289276
06_001522.wav,0.5672876834869385,0.41562020778656006,0.18729764223098755,0.1415146291255951,0.32176536321640015,0.0740790143609047,0.2741067409515381,0.08551830053329468
00_001651.wav,0.586302638053894,0.3707326352596283,0.16106979548931122,0.09371434897184372,0.30030348896980286,0.05304619297385216,0.26734620332717896,0.06322768330574036
10_001091.wav,0.42719995975494385,0.20503449440002441,0.1805879920721054,0.0653807744383812,0.3203728199005127,0.14109237492084503,0.5920575857162476,0.23503926396369934
04_000040.wav,0.4274353086948395,0.20854704082012177,0.18536801636219025,0.06725180894136429,0.31975144147872925,0.14693309366703033,0.593491792678833,0.24384048581123352
10_002456.wav,0.49691882729530334,0.28455880284309387,0.18974368274211884,0.09715315699577332,0.3336625099182129,0.11471986025571823,0.4630037844181061,0.16375519335269928
03_001061.wav,0.5921613574028015,0.4394722282886505,0.16069810092449188,0.12326912581920624,0.29888632893562317,0.04655807092785835,0.20535483956336975,0.0497906468808651
05_000547.wav,0.5840769410133362,0.5263473391532898,0.15461815893650055,0.18111374974250793,0.28610989451408386,0.04462050274014473,0.14503970742225647,0.04151856526732445
03_001405.wav,0.558740496635437,0.3133237063884735,0.1711755245923996,0.08322867006063461,0.31714537739753723,0.06879425793886185,0.3557572662830353,0.09218442440032959
10_001687.wav,0.45531633496284485,0.20143721997737885,0.1622203141450882,0.05605832859873772,0.3175411522388458,0.11009212583303452,0.553341805934906,0.18340104818344116
06_001635.wav,0.4258638322353363,0.20005063712596893,0.17662590742111206,0.06209222599864006,0.3162977397441864,0.1376919150352478,0.5950120091438293,0.2321152687072754
03_001127.wav,0.5940479636192322,0.4975375235080719,0.1569742113351822,0.15944144129753113,0.28742581605911255,0.04532599449157715,0.160353422164917,0.043200161308050156
10_002364.wav,0.5407992005348206,0.28060799837112427,0.15278932452201843,0.06879503279924393,0.3053812086582184,0.06598662585020065,0.37894415855407715,0.0917821153998375
00_000066.wav,0.5785980820655823,0.3740641474723816,0.1764901578426361,0.1060202568769455,0.3131020963191986,0.06439131498336792,0.29285264015197754,0.07814173400402069
04_000079.wav,0.42566797137260437,0.20018109679222107,0.17698146402835846,0.06210389733314514,0.3154313862323761,0.13766774535179138,0.5962841510772705,0.2336030751466751
00_002749.wav,0.5854333639144897,0.5235887765884399,0.16499759256839752,0.18181614577770233,0.2927371859550476,0.04842164367437363,0.15252718329429626,0.04513641446828842
07_001459.wav,0.43094268441200256,0.2192048877477646,0.1932058036327362,0.07538142055273056,0.3306760787963867,0.15317413210868835,0.5855460166931152,0.24659298360347748
05_000222.wav,0.4342654347419739,0.21882565319538116,0.19000253081321716,0.07365268468856812,0.33066821098327637,0.1474015861749649,0.5783366560935974,0.2359040081501007
04_001159.wav,0.4838809072971344,0.2274150252342224,0.1686657816171646,0.06659643352031708,0.32433512806892395,0.1040620356798172,0.5112258195877075,0.1650342494249344
05_000169.wav,0.421385258436203,0.18790830671787262,0.16808539628982544,0.054190494120121,0.3023054003715515,0.13130199909210205,0.6083803176879883,0.2307077795267105
00_001840.wav,0.5125077366828918,0.26877692341804504,0.17572134733200073,0.07900941371917725,0.32440853118896484,0.09353111684322357,0.4488182067871094,0.13776962459087372
04_001649.wav,0.5326888561248779,0.33041438460350037,0.18958024680614471,0.10689913481473923,0.326393187046051,0.09359654039144516,0.38294774293899536,0.12360364943742752
07_000075.wav,0.42886456847190857,0.21538451313972473,0.19131091237068176,0.07259029150009155,0.32596510648727417,0.15238748490810394,0.5906655788421631,0.2488590031862259
00_001177.wav,0.5943525433540344,0.3851816654205322,0.17561295628547668,0.10570411384105682,0.3147455155849457,0.05694336071610451,0.2703735828399658,0.06681741029024124
10_002492.wav,0.4525482952594757,0.22820456326007843,0.18824400007724762,0.07706625014543533,0.338822603225708,0.13866066932678223,0.5513865947723389,0.21644850075244904
03_001796.wav,0.5895246267318726,0.5002508163452148,0.1573663353919983,0.16434583067893982,0.28921231627464294,0.04620610922574997,0.16111961007118225,0.04431450739502907
03_001005.wav,0.5902027487754822,0.5281357765197754,0.15119487047195435,0.17355409264564514,0.28066307306289673,0.041554033756256104,0.13824279606342316,0.038011904805898666
07_000198.wav,0.5706496238708496,0.49974769353866577,0.18457558751106262,0.19373568892478943,0.31366604566574097,0.0665026381611824,0.19410459697246552,0.06579701602458954
03_001109.wav,0.4675067365169525,0.237635999917984,0.18727712333202362,0.07833024859428406,0.3386863172054291,0.1302952766418457,0.5290965437889099,0.20045606791973114
03_000041.wav,0.5809149742126465,0.4837273359298706,0.16315390169620514,0.16588741540908813,0.30006659030914307,0.052439842373132706,0.18193404376506805,0.051726084202528
06_000991.wav,0.42923200130462646,0.21601904928684235,0.19092413783073425,0.07296765595674515,0.32713019847869873,0.15164007246494293,0.5886320471763611,0.24673259258270264
10_002163.wav,0.581204891204834,0.31349846720695496,0.15253634750843048,0.07049735635519028,0.2988818287849426,0.05131664499640465,0.3149801194667816,0.06742217391729355
00_000275.wav,0.5988309979438782,0.39453867077827454,0.1652182936668396,0.10193204879760742,0.30357933044433594,0.0502249151468277,0.24489746987819672,0.05723601207137108
00_001865.wav,0.5940024852752686,0.44993841648101807,0.17364409565925598,0.1386445015668869,0.30845922231674194,0.053558945655822754,0.21148423850536346,0.05632426589727402
05_001151.wav,0.4293856620788574,0.20896320044994354,0.18429462611675262,0.06807645410299301,0.3240774869918823,0.1440810263156891,0.5897756814956665,0.2372492104768753
09_002348.wav,0.5928416848182678,0.4596954882144928,0.15945903956890106,0.132843479514122,0.29596367478370667,0.044386692345142365,0.18840809166431427,0.04617365822196007
03_001804.wav,0.6076564788818359,0.5422701835632324,0.11458449810743332,0.1456928253173828,0.245814248919487,0.02408316545188427,0.09781455993652344,0.02072608843445778
05_000792.wav,0.5043607950210571,0.26466336846351624,0.1783277541399002,0.08004143834114075,0.3278377056121826,0.10106418281793594,0.46581897139549255,0.15018314123153687
05_002296.wav,0.42785197496414185,0.21132658421993256,0.18769675493240356,0.06977210193872452,0.3234122097492218,0.14884859323501587,0.5925793647766113,0.24520450830459595
04_000513.wav,0.5886464715003967,0.379775732755661,0.16661018133163452,0.1004764661192894,0.30701735615730286,0.05332581326365471,0.26482927799224854,0.06333181262016296
06_002453.wav,0.42452090978622437,0.19835706055164337,0.17718638479709625,0.06065770983695984,0.3114692270755768,0.139365091919899,0.6009241938591003,0.23798206448554993
06_000619.wav,0.43152403831481934,0.21949636936187744,0.1938590407371521,0.07535643875598907,0.3297342360019684,0.15337823331356049,0.5851406455039978,0.24678845703601837
03_001904.wav,0.5679389834403992,0.5487569570541382,0.17691916227340698,0.2200290560722351,0.3043392598628998,0.058594826608896255,0.15486100316047668,0.053922783583402634
04_001446.wav,0.49760302901268005,0.23735515773296356,0.16345497965812683,0.0649762898683548,0.317719966173172,0.09308505803346634,0.48338961601257324,0.1452019214630127
10_001475.wav,0.4887969493865967,0.23439225554466248,0.17102836072444916,0.06895861029624939,0.3246513605117798,0.10474561899900436,0.5031100511550903,0.16379578411579132
03_000463.wav,0.5893068313598633,0.5174580216407776,0.14894674718379974,0.16638098657131195,0.2803466022014618,0.04118507727980614,0.14316770434379578,0.038375530391931534
00_002349.wav,0.5925418734550476,0.41313162446022034,0.18015514314174652,0.12129303812980652,0.3122839033603668,0.05981002748012543,0.24985215067863464,0.0674024298787117
10_001982.wav,0.5319251418113708,0.32765012979507446,0.19007599353790283,0.10544198751449585,0.3275546133518219,0.09454834461212158,0.3894355297088623,0.12586869299411774
04_001814.wav,0.42797908186912537,0.20878052711486816,0.18395642936229706,0.06815739721059799,0.3230077922344208,0.14426064491271973,0.5904965400695801,0.2384793907403946
03_003056.wav,0.42230409383773804,0.18767143785953522,0.16614536941051483,0.05523662641644478,0.3045055866241455,0.12741772830486298,0.6053720712661743,0.22285616397857666
07_000293.wav,0.5830123424530029,0.49925142526626587,0.15392984449863434,0.16675275564193726,0.28744226694107056,0.04642878472805023,0.1627597212791443,0.04516128450632095
07_000421.wav,0.4246218204498291,0.20003165304660797,0.178751602768898,0.062037091702222824,0.3126176595687866,0.14102037250995636,0.6015812754631042,0.24026988446712494
03_002894.wav,0.4265218675136566,0.20649251341819763,0.18484681844711304,0.06594482064247131,0.31663277745246887,0.14709892868995667,0.5977708697319031,0.2462165653705597
03_002350.wav,0.5699161887168884,0.5668941140174866,0.16752222180366516,0.22484511137008667,0.29534316062927246,0.052794795483350754,0.1358402669429779,0.04672669991850853
06_002455.wav,0.42301806807518005,0.18465085327625275,0.16178181767463684,0.05239715799689293,0.3035154640674591,0.12321622669696808,0.6002659201622009,0.21487058699131012
06_001855.wav,0.6020318865776062,0.3606240749359131,0.14929960668087006,0.0834675282239914,0.29461807012557983,0.04371347650885582,0.25587016344070435,0.05209333077073097
03_002556.wav,0.4290134310722351,0.2155083864927292,0.1917506605386734,0.0733843520283699,0.32661014795303345,0.15253718197345734,0.5915775895118713,0.24899695813655853
03_003223.wav,0.4249398410320282,0.1961013376712799,0.17413552105426788,0.05954532325267792,0.31059789657592773,0.13569100201129913,0.5990025401115417,0.23131513595581055
10_002446.wav,0.48831653594970703,0.2096056342124939,0.14719682931900024,0.05243504047393799,0.3076609969139099,0.08562687784433365,0.5034319162368774,0.13968634605407715
06_001160.wav,0.5304220914840698,0.2667248249053955,0.15790626406669617,0.0664377361536026,0.3083953857421875,0.07127406448125839,0.41122546792030334,0.10457534343004227
00_002872.wav,0.6108258366584778,0.4282158613204956,0.15014053881168365,0.10382106900215149,0.2857230007648468,0.03845427557826042,0.19335705041885376,0.04074276611208916
06_001066.wav,0.4177483916282654,0.17479504644870758,0.15668070316314697,0.0465221181511879,0.29095304012298584,0.12078666687011719,0.6165398359298706,0.2206634134054184
00_002822.wav,0.447131872177124,0.23440110683441162,0.19481781125068665,0.08409196138381958,0.34424757957458496,0.14819321036338806,0.5547788739204407,0.22683721780776978
04_002835.wav,0.4418855309486389,0.2262660712003708,0.19175606966018677,0.07780540734529495,0.337118536233902,0.14610521495342255,0.564309298992157,0.228485569357872
06_000069.wav,0.43545007705688477,0.20845021307468414,0.1750641018152237,0.06542458385229111,0.3255409300327301,0.13111622631549835,0.5737349390983582,0.21303656697273254
00_000924.wav,0.4362027943134308,0.20930354297161102,0.18188780546188354,0.06626984477043152,0.32551372051239014,0.13814914226531982,0.5791115760803223,0.22543728351593018
00_001449.wav,0.5739877820014954,0.4489189088344574,0.17947913706302643,0.15562184154987335,0.3148455023765564,0.06529919058084488,0.23221072554588318,0.07077092677354813
06_002221.wav,0.4259509742259979,0.20341835916042328,0.18104387819766998,0.06412205100059509,0.31609046459198,0.14271163940429688,0.5976852774620056,0.24060523509979248
04_002298.wav,0.47846707701683044,0.2361190766096115,0.17450088262557983,0.07210423797369003,0.3282707631587982,0.11066053062677383,0.5110142827033997,0.17127321660518646
05_002653.wav,0.4509909749031067,0.2184128612279892,0.1790609061717987,0.06970175355672836,0.33122527599334717,0.12925702333450317,0.5533641576766968,0.20601578056812286
06_000196.wav,0.4396895468235016,0.18913215398788452,0.1568913608789444,0.05231486260890961,0.3110266625881195,0.11176463216543198,0.5729817748069763,0.1887136995792389
04_000807.wav,0.4287073612213135,0.20851057767868042,0.18378499150276184,0.06747391074895859,0.3222140073776245,0.1438891738653183,0.5895031690597534,0.2375992238521576
09_003060.wav,0.5791366696357727,0.4100314676761627,0.17524026334285736,0.12217790633440018,0.31155508756637573,0.05966995283961296,0.25061655044555664,0.06860113143920898
00_000440.wav,0.5786765217781067,0.4319503605365753,0.180266872048378,0.1397341936826706,0.3160072863101959,0.0636095479130745,0.24213096499443054,0.07066904753446579
03_002716.wav,0.4451330602169037,0.22627514600753784,0.1926712989807129,0.07752712070941925,0.3392665982246399,0.14595875144004822,0.5643367767333984,0.22877126932144165
04_000046.wav,0.5811916589736938,0.347467839717865,0.1676803082227707,0.08586260676383972,0.3040248155593872,0.05869024991989136,0.3004891276359558,0.07378927618265152
10_001457.wav,0.566618025302887,0.410517156124115,0.1907031089067459,0.14106617867946625,0.32413673400878906,0.0770658403635025,0.28357160091400146,0.0899401530623436
06_000646.wav,0.42803388833999634,0.20269611477851868,0.17596179246902466,0.06312613934278488,0.3190295994281769,0.1355840116739273,0.5880734324455261,0.22587446868419647
10_003220.wav,0.4302215278148651,0.20630298554897308,0.18133315443992615,0.06582605093717575,0.32228773832321167,0.1407812237739563,0.5871948599815369,0.23135064542293549
10_003066.wav,0.42848852276802063,0.21125724911689758,0.18597055971622467,0.07007633149623871,0.3249104917049408,0.14635300636291504,0.5895493030548096,0.24024225771427155
03_000893.wav,0.5834196209907532,0.547632098197937,0.15044048428535461,0.18855330348014832,0.2800520360469818,0.04180706664919853,0.1288730800151825,0.03723777085542679
03_001204.wav,0.44701212644577026,0.18668432533740997,0.15282635390758514,0.04990796372294426,0.3124139904975891,0.1064494252204895,0.5648126602172852,0.17871570587158203
06_000806.wav,0.48914408683776855,0.23169410228729248,0.16115829348564148,0.06448222696781158,0.3162732720375061,0.09421201795339584,0.49265533685684204,0.1469879448413849
06_002435.wav,0.4452250599861145,0.21923936903476715,0.18462049961090088,0.0716182142496109,0.3340109586715698,0.13777723908424377,0.563890814781189,0.21968849003314972
10_002152.wav,0.43428853154182434,0.220869779586792,0.19179368019104004,0.0752028077840805,0.33198121190071106,0.1493871808052063,0.5773001909255981,0.2382846176624298
09_000737.wav,0.5967185497283936,0.3746547996997833,0.1764974296092987,0.09763800352811813,0.3103342354297638,0.05700279399752617,0.2751961946487427,0.0681178867816925
06_002549.wav,0.42598870396614075,0.1964748352766037,0.17279008030891418,0.059980571269989014,0.314642071723938,0.13279972970485687,0.5951513648033142,0.22546443343162537
04_000338.wav,0.530508279800415,0.26465195417404175,0.1441231667995453,0.06237880513072014,0.2999676465988159,0.06157467141747475,0.39568382501602173,0.0891767218708992
06_001688.wav,0.44221869111061096,0.20539166033267975,0.16900336742401123,0.0629172995686531,0.3245413601398468,0.12345860153436661,0.5655290484428406,0.20128990709781647
10_001242.wav,0.5752430558204651,0.5433623790740967,0.17160144448280334,0.20751452445983887,0.29786479473114014,0.05455680936574936,0.15099769830703735,0.050226882100105286
05_001410.wav,0.41744470596313477,0.17399343848228455,0.1555332988500595,0.04583864286541939,0.29000893235206604,0.11977962404489517,0.6159809827804565,0.21897439658641815
04_001241.wav,0.4266934394836426,0.20627039670944214,0.18324382603168488,0.06693898141384125,0.31906887888908386,0.14445853233337402,0.5961850881576538,0.2411516308784485
04_002110.wav,0.5978788733482361,0.543641984462738,0.1252347230911255,0.15525789558887482,0.257589191198349,0.028506003320217133,0.10621355473995209,0.024396570399403572
06_001728.wav,0.6025423407554626,0.335191935300827,0.13902761042118073,0.0645262748003006,0.2781769037246704,0.03846944123506546,0.26051467657089233,0.048293303698301315
03_002405.wav,0.5832301378250122,0.4743630588054657,0.16860219836235046,0.15607213973999023,0.3036312460899353,0.052204616367816925,0.19054169952869415,0.05296659469604492
06_003105.wav,0.5069915056228638,0.24927902221679688,0.16250047087669373,0.0664401650428772,0.3151869773864746,0.08708170056343079,0.4586086869239807,0.13129597902297974
00_001707.wav,0.5765734910964966,0.41556090116500854,0.17190346121788025,0.12925027310848236,0.3095591962337494,0.061234332621097565,0.25082820653915405,0.06969720870256424
06_001853.wav,0.5916703939437866,0.3448924422264099,0.15970493853092194,0.08180055022239685,0.30231380462646484,0.04984785616397858,0.2874903082847595,0.06225976720452309
03_001150.wav,0.41913118958473206,0.17360979318618774,0.15276247262954712,0.04692845791578293,0.2950097620487213,0.11579376459121704,0.6095154881477356,0.20795659720897675
07_002400.wav,0.5216092467308044,0.25710058212280273,0.16283753514289856,0.06733593344688416,0.31542104482650757,0.08168067038059235,0.43624764680862427,0.12159272283315659
03_000119.wav,0.5759888887405396,0.5069556832313538,0.16839690506458282,0.1843046396970749,0.29943203926086426,0.055051207542419434,0.17301160097122192,0.0535765215754509
06_002905.wav,0.5314127802848816,0.2705305218696594,0.14601802825927734,0.0654948279261589,0.2992938160896301,0.06443893164396286,0.3902982175350189,0.09171818196773529
04_000652.wav,0.4369930326938629,0.23016305267810822,0.19926492869853973,0.08217895030975342,0.339159220457077,0.15598800778388977,0.5726203918457031,0.24316908419132233
04_000490.wav,0.5463399887084961,0.30830416083335876,0.16946755349636078,0.08278294652700424,0.3115483522415161,0.07340601831674576,0.3700714409351349,0.1001514121890068
06_001126.wav,0.5664439797401428,0.43829551339149475,0.19217370450496674,0.15813371539115906,0.3260658085346222,0.0758047103881836,0.2584714889526367,0.08468073606491089
10_000431.wav,0.60213702917099,0.47548580169677734,0.1572076976299286,0.13855500519275665,0.2890353798866272,0.04253361001610756,0.17120033502578735,0.04184582456946373
07_001751.wav,0.4250520169734955,0.1968756467103958,0.1739475429058075,0.05963096767663956,0.31314927339553833,0.13485628366470337,0.5970154404640198,0.23013544082641602
04_000882.wav,0.5883194208145142,0.4397498667240143,0.17609763145446777,0.13951149582862854,0.31026017665863037,0.05945749580860138,0.22763241827487946,0.06421224772930145
04_002068.wav,0.44340306520462036,0.21300220489501953,0.1768837422132492,0.06716181337833405,0.3289853036403656,0.13054826855659485,0.5638646483421326,0.20956502854824066
06_001759.wav,0.42592325806617737,0.20288720726966858,0.17894147336483002,0.06436265259981155,0.31722596287727356,0.14004503190517426,0.5955800414085388,0.23480699956417084
03_000076.wav,0.5505752563476562,0.33052366971969604,0.17554369568824768,0.09568952023983002,0.31794601678848267,0.07562091201543808,0.3533734977245331,0.09841034561395645
04_003140.wav,0.468392550945282,0.21134717762470245,0.16333697736263275,0.05965893715620041,0.32118964195251465,0.10559546202421188,0.5322777032852173,0.17118284106254578
06_001006.wav,0.4255526065826416,0.20197619497776031,0.18005630373954773,0.06317297369241714,0.3146865963935852,0.14194230735301971,0.5986549258232117,0.24013398587703705
00_002154.wav,0.5848943591117859,0.4337230622768402,0.17659111320972443,0.13539645075798035,0.3138419985771179,0.058593831956386566,0.23295244574546814,0.06430572271347046
03_002882.wav,0.4157678186893463,0.16664478182792664,0.14832085371017456,0.041778355836868286,0.2836593985557556,0.11300186067819595,0.6184477210044861,0.21064740419387817
00_001897.wav,0.5682527422904968,0.36540377140045166,0.18200966715812683,0.10662832111120224,0.3197970390319824,0.0689719170331955,0.30719900131225586,0.08548755943775177
04_001647.wav,0.4225561320781708,0.17981114983558655,0.15758943557739258,0.04968215525150299,0.30261266231536865,0.11904816329479218,0.6015778183937073,0.20983068645000458
03_000377.wav,0.5790678858757019,0.5361834764480591,0.15740343928337097,0.18970541656017303,0.2885796129703522,0.046760354191064835,0.14255329966545105,0.04265346750617027
00_002112.wav,0.5751941204071045,0.3462618589401245,0.16981233656406403,0.09006740152835846,0.3084549009799957,0.06198285520076752,0.31090840697288513,0.0783206894993782
10_000450.wav,0.43329837918281555,0.21969373524188995,0.19048887491226196,0.07471399754285812,0.3315594494342804,0.1485762745141983,0.5785391330718994,0.23717562854290009
03_001019.wav,0.5961877107620239,0.5279264450073242,0.14330843091011047,0.16485615074634552,0.2728043794631958,0.036891594529151917,0.13048280775547028,0.033581674098968506
04_000182.wav,0.48107627034187317,0.24165625870227814,0.17901740968227386,0.0751095786690712,0.3307068943977356,0.11303062736988068,0.5095041990280151,0.17425768077373505
10_000909.wav,0.5403230786323547,0.35189422965049744,0.19368906319141388,0.11878687888383865,0.32955774664878845,0.09337666630744934,0.36345216631889343,0.12001169472932816
10_002071.wav,0.43463489413261414,0.21609601378440857,0.18594890832901,0.07150119543075562,0.32795774936676025,0.14278295636177063,0.5768330097198486,0.2287624627351761
09_000318.wav,0.4259493052959442,0.20124179124832153,0.1771453619003296,0.06268835067749023,0.31738173961639404,0.13792626559734344,0.5938618183135986,0.2318127453327179
06_002403.wav,0.5651410818099976,0.5834315419197083,0.1780066043138504,0.24595214426517487,0.2997059226036072,0.0577918216586113,0.13558553159236908,0.05068077892065048
07_001232.wav,0.5804437398910522,0.44937148690223694,0.1727725714445114,0.1488095372915268,0.30934929847717285,0.05912278965115547,0.221501424908638,0.06312467902898788
06_003221.wav,0.542797863483429,0.2737049162387848,0.15469491481781006,0.0673079714179039,0.30778053402900696,0.06488487869501114,0.3874965012073517,0.09320010244846344
04_000994.wav,0.4293775260448456,0.2133232057094574,0.1893569529056549,0.07084072381258011,0.32488563656806946,0.14987753331661224,0.5890972018241882,0.2449539303779602
05_002374.wav,0.5043152570724487,0.2591467797756195,0.17789587378501892,0.07785150408744812,0.32754218578338623,0.10054655373096466,0.46884119510650635,0.15087750554084778
06_000535.wav,0.42844969034194946,0.18892575800418854,0.15806271135807037,0.0533912293612957,0.311313271522522,0.11619316041469574,0.5852700471878052,0.19793176651000977
00_000970.wav,0.45610883831977844,0.24131807684898376,0.19572566449642181,0.08670633286237717,0.3465917408466339,0.1444498598575592,0.5409942865371704,0.2188541144132614
10_001116.wav,0.48967668414115906,0.2607411742210388,0.18656322360038757,0.0847872793674469,0.33359295129776,0.11564087867736816,0.49208325147628784,0.17365124821662903
09_003032.wav,0.5848254561424255,0.46330833435058594,0.17177210748195648,0.14818669855594635,0.30549636483192444,0.05357785150408745,0.20048175752162933,0.05568031966686249
04_000645.wav,0.5349326729774475,0.30567696690559387,0.18408435583114624,0.09131713211536407,0.32745304703712463,0.08838962763547897,0.4003602862358093,0.12182290107011795
03_002547.wav,0.5909054279327393,0.46385014057159424,0.1598658263683319,0.14382076263427734,0.2949749231338501,0.048899341374635696,0.1906132698059082,0.050098881125450134
06_003047.wav,0.42839112877845764,0.21034948527812958,0.18593575060367584,0.06916483491659164,0.3234677016735077,0.1469040811061859,0.5903568267822266,0.24036793410778046
04_002875.wav,0.4251340925693512,0.20206817984580994,0.1806626170873642,0.06322217732667923,0.31357911229133606,0.1431376188993454,0.6006473302841187,0.2425176501274109
03_001428.wav,0.5527201294898987,0.3236154317855835,0.16143697500228882,0.08606645464897156,0.30580762028694153,0.06453360617160797,0.3410634398460388,0.0852518156170845
06_001952.wav,0.42857828736305237,0.21395067870616913,0.18860726058483124,0.07211095839738846,0.3266706168651581,0.14918820559978485,0.5889898538589478,0.24327921867370605
04_003207.wav,0.6117464303970337,0.41162070631980896,0.13805373013019562,0.09234204888343811,0.278547465801239,0.03400089591741562,0.1939655989408493,0.03687068819999695
03_002074.wav,0.572398841381073,0.5687658786773682,0.16106559336185455,0.21899227797985077,0.29009243845939636,0.04888703674077988,0.1291998326778412,0.04270947352051735
04_000468.wav,0.42769455909729004,0.2094370424747467,0.18542088568210602,0.06841392815113068,0.3219459056854248,0.14638613164424896,0.5917684435844421,0.2416841983795166
07_001017.wav,0.44810763001441956,0.19930078089237213,0.16500544548034668,0.05838020518422127,0.3198436498641968,0.11621511727571487,0.5634035468101501,0.19231699407100677
05_002009.wav,0.4278528690338135,0.20821553468704224,0.18341171741485596,0.06776317954063416,0.32253217697143555,0.1439954787492752,0.5908806324005127,0.23771193623542786
03_000782.wav,0.5684271454811096,0.595573902130127,0.16798794269561768,0.24396705627441406,0.2890940010547638,0.051244985312223434,0.12113764882087708,0.0437026284635067
10_002157.wav,0.5308124423027039,0.2626645267009735,0.14666587114334106,0.06251512467861176,0.30010244250297546,0.06523909419775009,0.39838048815727234,0.09419165551662445
06_003037.wav,0.42845863103866577,0.20259498059749603,0.17828068137168884,0.06382571160793304,0.3186490833759308,0.1376856118440628,0.5915201902389526,0.22996380925178528
04_003239.wav,0.5776159763336182,0.41118258237838745,0.17314356565475464,0.12667004764080048,0.3093933165073395,0.06142618879675865,0.2553296387195587,0.07075377553701401
00_000118.wav,0.44404685497283936,0.23152662813663483,0.19781750440597534,0.08143962174654007,0.34131094813346863,0.1518802046775818,0.5638402700424194,0.23566187918186188
00_001967.wav,0.43278396129608154,0.21867167949676514,0.1926855593919754,0.07479757815599442,0.3314410150051117,0.15112394094467163,0.5836073756217957,0.2431906908750534
06_002738.wav,0.48674461245536804,0.23736655712127686,0.16769477725028992,0.06925235688686371,0.32319965958595276,0.1005123183131218,0.49811646342277527,0.155033141374588
03_000729.wav,0.5655357241630554,0.5647494792938232,0.1751914918422699,0.23199911415576935,0.30308815836906433,0.05804070457816124,0.1440570205450058,0.05170412361621857
04_001114.wav,0.43962740898132324,0.2141091674566269,0.1843014657497406,0.06840474903583527,0.3283853232860565,0.1390874981880188,0.5727387070655823,0.2234925776720047
04_000588.wav,0.5119796991348267,0.30537402629852295,0.191259503364563,0.10245123505592346,0.33191442489624023,0.10718318819999695,0.4300430119037628,0.14730843901634216
07_001547.wav,0.5851895809173584,0.5166184306144714,0.16771015524864197,0.18083830177783966,0.2962465286254883,0.050993822515010834,0.16082637012004852,0.048165213316679
10_001367.wav,0.5087367296218872,0.26478293538093567,0.1700846254825592,0.0766444131731987,0.32131680846214294,0.09307446330785751,0.44865670800209045,0.135740727186203
06_002135.wav,0.42257389426231384,0.19022919237613678,0.17002497613430023,0.05645548924803734,0.30459973216056824,0.13234557211399078,0.6072494983673096,0.2308328002691269
07_001016.wav,0.588021457195282,0.39004024863243103,0.16547274589538574,0.10739701241254807,0.30730146169662476,0.053634170442819595,0.255766898393631,0.06198958307504654
07_000145.wav,0.42409467697143555,0.19868479669094086,0.17779283225536346,0.06112249568104744,0.3111833333969116,0.14041660726070404,0.6032933592796326,0.2404039204120636
05_003033.wav,0.43356192111968994,0.221412792801857,0.19308507442474365,0.07587723433971405,0.3318648636341095,0.15146854519844055,0.5792204737663269,0.24088339507579803
05_000262.wav,0.588371217250824,0.3467738628387451,0.15355004370212555,0.07808439433574677,0.2929894030094147,0.04884621500968933,0.28141430020332336,0.060824863612651825
06_001837.wav,0.42932769656181335,0.20448870956897736,0.17716747522354126,0.06438104808330536,0.32073962688446045,0.13578097522258759,0.5864612460136414,0.22500838339328766
06_001106.wav,0.436122328042984,0.22640882432460785,0.19728069007396698,0.07961305975914001,0.33725830912590027,0.15446563065052032,0.5757723450660706,0.24334341287612915
09_000516.wav,0.4724690020084381,0.20487971603870392,0.15493932366371155,0.05489515885710716,0.31266096234321594,0.09615003317594528,0.5280588865280151,0.15955065190792084
06_001170.wav,0.5787472724914551,0.33714696764945984,0.15444841980934143,0.08103473484516144,0.3037679195404053,0.052004244178533554,0.29694071412086487,0.06429189443588257
03_002520.wav,0.4382309317588806,0.21698027849197388,0.18456634879112244,0.07105828821659088,0.3309060037136078,0.14018109440803528,0.5702478885650635,0.2235211431980133
04_001769.wav,0.42454832792282104,0.19792868196964264,0.17608661949634552,0.06071211025118828,0.3125726878643036,0.137970969080925,0.5999623537063599,0.2352389544248581
06_002233.wav,0.429823100566864,0.21205630898475647,0.18755032122135162,0.070026695728302,0.32513582706451416,0.14761342108249664,0.5875500440597534,0.24055549502372742
09_000408.wav,0.5602114200592041,0.5869873762130737,0.18867574632167816,0.26004505157470703,0.3073056936264038,0.0648944228887558,0.14236152172088623,0.056996554136276245
03_003113.wav,0.5963818430900574,0.38067862391471863,0.1677200049161911,0.09766332060098648,0.3044014573097229,0.05305733159184456,0.2612791359424591,0.06228310242295265
06_001337.wav,0.4265781342983246,0.20449040830135345,0.18149994313716888,0.06497194617986679,0.3175908923149109,0.1432017683982849,0.5953454375267029,0.2392602264881134
06_002641.wav,0.42197558283805847,0.1892249435186386,0.16965240240097046,0.054788023233413696,0.3029243052005768,0.13277088105678558,0.6078103184700012,0.2325868159532547
06_002961.wav,0.42923906445503235,0.21144980192184448,0.1868823915719986,0.06940899044275284,0.32410597801208496,0.14719779789447784,0.5884066224098206,0.24144303798675537
03_000629.wav,0.5747528076171875,0.5508779287338257,0.16035786271095276,0.20579743385314941,0.2906961739063263,0.048787206411361694,0.13828729093074799,0.04393235594034195
06_002228.wav,0.4234873354434967,0.1942015439271927,0.17290133237838745,0.05852433294057846,0.3092617988586426,0.13513003289699554,0.6027857661247253,0.23297879099845886
06_001669.wav,0.4233018755912781,0.19495293498039246,0.17434976994991302,0.05903225392103195,0.30870988965034485,0.13683168590068817,0.6045910120010376,0.23608648777008057
06_002565.wav,0.5963302254676819,0.4137501120567322,0.14371301233768463,0.10187935084104538,0.28810426592826843,0.03889098018407822,0.20530098676681519,0.04274453967809677
03_000157.wav,0.5761796236038208,0.5442312955856323,0.15356186032295227,0.19545574486255646,0.28751763701438904,0.04512587934732437,0.13624683022499084,0.0405007041990757
00_000277.wav,0.5532998442649841,0.30450618267059326,0.15151917934417725,0.07485781610012054,0.3029690086841583,0.05901709571480751,0.34227660298347473,0.07849771529436111
04_000244.wav,0.4469741880893707,0.20600207149982452,0.16824759542942047,0.06259842962026596,0.3266093134880066,0.12085539847612381,0.5600683689117432,0.19668051600456238
04_001103.wav,0.4215099513530731,0.18629635870456696,0.16605161130428314,0.05421808362007141,0.302205353975296,0.12851592898368835,0.6086652278900146,0.22625678777694702
06_002332.wav,0.43160298466682434,0.20209302008152008,0.17517192661762238,0.06194029003381729,0.3194468021392822,0.131942480802536,0.5860432386398315,0.22035105526447296
03_001582.wav,0.5762971043586731,0.5440704822540283,0.158347949385643,0.19859348237514496,0.29016271233558655,0.04774497449398041,0.13978159427642822,0.043064843863248825
04_002862.wav,0.42683443427085876,0.200428307056427,0.177141472697258,0.062103021889925,0.31662994623184204,0.13698549568653107,0.5948296785354614,0.2312822788953781
06_000317.wav,0.4257616400718689,0.19987833499908447,0.1767304539680481,0.06177860125899315,0.3155902028083801,0.13789892196655273,0.5949966311454773,0.2325328290462494
04_002891.wav,0.4248370826244354,0.1975468248128891,0.17597459256649017,0.06020181253552437,0.3115485608577728,0.13791002333164215,0.5995243191719055,0.23530489206314087
06_001011.wav,0.4302270710468292,0.21339502930641174,0.18714387714862823,0.07088486850261688,0.32645657658576965,0.1463909149169922,0.5863275527954102,0.2388465255498886
00_001108.wav,0.568426251411438,0.3587588965892792,0.16077841818332672,0.09790287166833878,0.3027117848396301,0.05850517004728317,0.2934408187866211,0.07289798557758331
05_002433.wav,0.4259430766105652,0.20207200944423676,0.17784243822097778,0.06383531540632248,0.31785959005355835,0.13885924220085144,0.5942351222038269,0.2324324995279312
06_001221.wav,0.5631729364395142,0.32815051078796387,0.16978345811367035,0.08698446303606033,0.31333449482917786,0.06543465703725815,0.3380780816078186,0.08528463542461395
05_001553.wav,0.41855207085609436,0.1771826446056366,0.1585419923067093,0.04807710647583008,0.2936936914920807,0.12231945991516113,0.6146939396858215,0.22154490649700165
06_000749.wav,0.4336371421813965,0.21445707976818085,0.18407276272773743,0.07021643221378326,0.3283435106277466,0.1409912109375,0.5773376226425171,0.22692419588565826
07_002241.wav,0.5780331492424011,0.5329599380493164,0.16038081049919128,0.192381352186203,0.291633665561676,0.048743367195129395,0.147451713681221,0.04500367492437363
09_002918.wav,0.42734700441360474,0.19636934995651245,0.1706310212612152,0.05924670398235321,0.31577226519584656,0.1301862895488739,0.5920601487159729,0.22033263742923737
05_002207.wav,0.42122066020965576,0.18539033830165863,0.1650831699371338,0.05265263840556145,0.3009825050830841,0.12815941870212555,0.6074289083480835,0.22590653598308563
00_000688.wav,0.5941819548606873,0.4191076159477234,0.17723484337329865,0.12410999089479446,0.3124038577079773,0.05771903321146965,0.24006842076778412,0.06373164057731628
04_001665.wav,0.43420374393463135,0.21373486518859863,0.18486472964286804,0.07002366334199905,0.32873979210853577,0.14172331988811493,0.5796009302139282,0.2294146716594696
06_000125.wav,0.4601380228996277,0.22536441683769226,0.17981375753879547,0.07263580709695816,0.3354988396167755,0.12670347094535828,0.540221631526947,0.19863714277744293
06_001383.wav,0.47668352723121643,0.2346302568912506,0.17734023928642273,0.07349038124084473,0.3315681517124176,0.11719390004873276,0.5167256593704224,0.18133847415447235
06_002911.wav,0.4164053499698639,0.16046392917633057,0.14042942225933075,0.03927791863679886,0.2836076617240906,0.10353099554777145,0.6131166815757751,0.19277869164943695
10_002599.wav,0.6038102507591248,0.3994385898113251,0.15407201647758484,0.09594040364027023,0.2925208806991577,0.04317144304513931,0.22586236894130707,0.04873295873403549
04_001757.wav,0.5714336037635803,0.3413849472999573,0.16208982467651367,0.08724863827228546,0.3062015771865845,0.057655032724142075,0.3096725046634674,0.07327591627836227
00_001590.wav,0.4404760003089905,0.2297331541776657,0.1968212127685547,0.0809018686413765,0.34049081802368164,0.15208402276039124,0.5669950842857361,0.23594976961612701
04_000212.wav,0.5688119530677795,0.5938250422477722,0.16917476058006287,0.24345703423023224,0.2907138168811798,0.05127851665019989,0.12302961200475693,0.044119201600551605
06_002380.wav,0.421949177980423,0.18124964833259583,0.16074404120445251,0.05011962354183197,0.3004709780216217,0.12230277061462402,0.6047431230545044,0.217058464884758
07_001229.wav,0.4267653822898865,0.20720839500427246,0.18497274816036224,0.06683073192834854,0.31829267740249634,0.1468796730041504,0.5966894030570984,0.2450532466173172
10_002607.wav,0.4431307017803192,0.21215204894542694,0.17640461027622223,0.06720717996358871,0.3282366693019867,0.13007745146751404,0.5642132759094238,0.20918987691402435
06_002323.wav,0.42281374335289,0.19023455679416656,0.16957083344459534,0.055690698325634,0.30510684847831726,0.13193775713443756,0.6042920351028442,0.22973565757274628
06_000413.wav,0.42464369535446167,0.19758760929107666,0.17585411667823792,0.060454294085502625,0.31160151958465576,0.13793164491653442,0.600416898727417,0.23529042303562164
03_002934.wav,0.5228322148323059,0.29262664914131165,0.17276357114315033,0.08601584285497665,0.32160213589668274,0.08701318502426147,0.41082292795181274,0.12025788426399231
06_000088.wav,0.4228566288948059,0.1904839724302292,0.16831815242767334,0.05592331290245056,0.308014452457428,0.130067840218544,0.601438045501709,0.2254190593957901
04_002022.wav,0.5981284379959106,0.49871987104415894,0.13449379801750183,0.13922937214374542,0.2693159282207489,0.033090632408857346,0.13703817129135132,0.030972259119153023
04_001745.wav,0.42323029041290283,0.19482052326202393,0.1737028807401657,0.0588412880897522,0.30859139561653137,0.13610683381557465,0.6038756966590881,0.23484423756599426
07_000092.wav,0.5133472084999084,0.22316370904445648,0.13947926461696625,0.05044223368167877,0.3006684482097626,0.06889650225639343,0.45204079151153564,0.10815082490444183
04_000910.wav,0.5615891814231873,0.347323477268219,0.18253593146800995,0.10231024771928787,0.32133474946022034,0.07575468719005585,0.335234671831131,0.09600651264190674
06_000650.wav,0.5821627378463745,0.37035882472991943,0.17500561475753784,0.10292712599039078,0.3112057149410248,0.062472205609083176,0.28972041606903076,0.0759190246462822
04_000918.wav,0.44642511010169983,0.2110690027475357,0.17420156300067902,0.06547299772500992,0.32727760076522827,0.1274557262659073,0.5594180822372437,0.2054949849843979
06_000849.wav,0.556503415107727,0.3250768780708313,0.17786255478858948,0.09141505509614944,0.31982871890068054,0.0731024369597435,0.35469314455986023,0.09700385481119156
06_001003.wav,0.4198262095451355,0.18213514983654022,0.16260166466236115,0.051185380667448044,0.2982802391052246,0.12589067220687866,0.6112006902694702,0.22442032396793365
05_001997.wav,0.4274744987487793,0.20974388718605042,0.1859441101551056,0.06894201785326004,0.32225990295410156,0.14723077416419983,0.5932717323303223,0.243122860789299
04_001187.wav,0.49108657240867615,0.24641108512878418,0.1741170585155487,0.07461830973625183,0.3247781991958618,0.10472066700458527,0.49041858315467834,0.159612238407135
06_000307.wav,0.4182603657245636,0.1735205203294754,0.15469644963741302,0.04599667713046074,0.2908894717693329,0.11845570057630539,0.6142272353172302,0.21559514105319977
09_002040.wav,0.599875807762146,0.41061753034591675,0.15632855892181396,0.10441672801971436,0.29643645882606506,0.04445907473564148,0.22186881303787231,0.04978004842996597
06_000048.wav,0.4272766411304474,0.2062906175851822,0.18160966038703918,0.06685435771942139,0.32163336873054504,0.14185941219329834,0.5917365550994873,0.235470250248909
06_002010.wav,0.5968215465545654,0.4011949598789215,0.14759375154972076,0.096999891102314,0.2909605801105499,0.040917716920375824,0.2198636829853058,0.04634193331003189
00_000612.wav,0.4799048900604248,0.24450430274009705,0.1862633377313614,0.07843062281608582,0.3358442187309265,0.12260901927947998,0.5137336850166321,0.18765535950660706
04_001143.wav,0.5639215111732483,0.4139750003814697,0.1951991766691208,0.14684957265853882,0.32743388414382935,0.08040717244148254,0.2867315411567688,0.09380190074443817
05_001881.wav,0.5132309794425964,0.27094754576683044,0.17606374621391296,0.07950865477323532,0.3238562047481537,0.09357708692550659,0.4460022449493408,0.13702112436294556
06_002758.wav,0.4667767882347107,0.2259911447763443,0.17571133375167847,0.0705120787024498,0.3328377306461334,0.11814757436513901,0.5306483507156372,0.18507766723632812
03_003057.wav,0.5296052694320679,0.2647871673107147,0.1394415944814682,0.06012129411101341,0.2901810109615326,0.05921046435832977,0.3903700113296509,0.08618147671222687
10_000208.wav,0.42631080746650696,0.20179075002670288,0.17643317580223083,0.06346185505390167,0.31836074590682983,0.13655196130275726,0.5927783250808716,0.22886325418949127
06_001849.wav,0.4437771737575531,0.22023528814315796,0.18228159844875336,0.07369475811719894,0.334881454706192,0.13658829033374786,0.5609142184257507,0.2151774764060974
07_001184.wav,0.44427192211151123,0.21573911607265472,0.1799382120370865,0.06963948905467987,0.3312949240207672,0.13402681052684784,0.5637503266334534,0.21453793346881866
00_001641.wav,0.5614052414894104,0.2768087089061737,0.14833854138851166,0.06081929802894592,0.29487621784210205,0.05747620388865471,0.3552285134792328,0.08150865882635117
06_000742.wav,0.5986340641975403,0.3884257972240448,0.13562200963497162,0.09064745903015137,0.27969232201576233,0.03683244436979294,0.2170223891735077,0.04216724634170532
00_001756.wav,0.4207753539085388,0.18629208207130432,0.16642820835113525,0.05316558852791786,0.3008042871952057,0.12974345684051514,0.6093235015869141,0.22941577434539795
05_000306.wav,0.42388084530830383,0.19806735217571259,0.17701031267642975,0.06066986545920372,0.3105628788471222,0.1397843062877655,0.6030315160751343,0.2392461746931076
04_001443.wav,0.5494216084480286,0.2746194303035736,0.1357257068157196,0.05767090618610382,0.2871849536895752,0.05045017600059509,0.353529691696167,0.07128123939037323
04_002871.wav,0.5657539367675781,0.39737406373023987,0.18997995555400848,0.13257062435150146,0.32399430871009827,0.07725325971841812,0.2947017252445221,0.09190116822719574
03_002883.wav,0.5779063105583191,0.5729528069496155,0.15126238763332367,0.21099883317947388,0.2801540791988373,0.04271193966269493,0.11871259659528732,0.03700309246778488
03_001708.wav,0.5770578384399414,0.41004478931427,0.16752398014068604,0.12241464108228683,0.30624523758888245,0.05798256769776344,0.24783159792423248,0.06636970490217209
04_001523.wav,0.5838863253593445,0.5728486776351929,0.1349589228630066,0.19400444626808167,0.26741012930870056,0.034439511597156525,0.10553627461194992,0.02919737994670868
06_001045.wav,0.4350777864456177,0.21252116560935974,0.18290524184703827,0.06862089782953262,0.3266022205352783,0.13914228975772858,0.5772498250007629,0.22511601448059082
00_000357.wav,0.4395369291305542,0.2278406322002411,0.19604043662548065,0.07975965738296509,0.337368369102478,0.1514650285243988,0.5691466927528381,0.23608839511871338
10_000127.wav,0.4294934868812561,0.19673143327236176,0.17018648982048035,0.05917879194021225,0.3164348602294922,0.1292252093553543,0.5872927308082581,0.21603858470916748
09_002861.wav,0.42503270506858826,0.1983572095632553,0.17719434201717377,0.0606696642935276,0.3114682734012604,0.13928848505020142,0.6000757813453674,0.23745766282081604
04_000892.wav,0.5774587988853455,0.5999852418899536,0.14933708310127258,0.22472085058689117,0.27336034178733826,0.039694223552942276,0.10446659475564957,0.033174026757478714
10_002752.wav,0.4609007239341736,0.19651225209236145,0.15646663308143616,0.05172410234808922,0.31272169947624207,0.10542300343513489,0.5427720546722412,0.17323356866836548
03_001711.wav,0.5862120985984802,0.5511018633842468,0.14040984213352203,0.18390271067619324,0.2728090286254883,0.03732553496956825,0.11941944062709808,0.03281230479478836
04_001646.wav,0.4308029115200043,0.20540618896484375,0.17770975828170776,0.06511764973402023,0.3221915066242218,0.13587704300880432,0.5845276117324829,0.2240334451198578
06_002367.wav,0.48240920901298523,0.18813438713550568,0.13200177252292633,0.04272951930761337,0.298706591129303,0.07586285471916199,0.5138989090919495,0.12836885452270508
04_002799.wav,0.42818892002105713,0.20471049845218658,0.1796223670244217,0.06520155817270279,0.3206229507923126,0.13932904601097107,0.5906305313110352,0.23177455365657806
00_000985.wav,0.439832478761673,0.21797095239162445,0.18685753643512726,0.07179875671863556,0.328759104013443,0.14104507863521576,0.5700267553329468,0.22529804706573486
06_001133.wav,0.4205474257469177,0.18262995779514313,0.1627378612756729,0.050996676087379456,0.2983770966529846,0.12584279477596283,0.6086081266403198,0.22334933280944824
06_001561.wav,0.44634249806404114,0.21758361160755157,0.1803717017173767,0.07060035318136215,0.3333776891231537,0.13337711989879608,0.561254620552063,0.21296267211437225
10_000770.wav,0.4666498005390167,0.2319386899471283,0.18257901072502136,0.07391472905874252,0.33370843529701233,0.12680849432945251,0.5299777984619141,0.19680576026439667
04_000417.wav,0.5579697489738464,0.3356480598449707,0.17506003379821777,0.09452072530984879,0.3171369731426239,0.07088068127632141,0.34309032559394836,0.09188635647296906
04_001480.wav,0.4420556128025055,0.20397068560123444,0.16773748397827148,0.062128279358148575,0.3246667981147766,0.12252314388751984,0.5665584206581116,0.20057933032512665
06_000583.wav,0.48562395572662354,0.22501544654369354,0.15571850538253784,0.0608847476541996,0.31234902143478394,0.09026787430047989,0.49958691000938416,0.14412721991539001
04_000626.wav,0.42802107334136963,0.2008717805147171,0.1735253632068634,0.06213093176484108,0.31719067692756653,0.13274511694908142,0.5881649851799011,0.22203946113586426
04_002481.wav,0.4257262051105499,0.20455072820186615,0.18233639001846313,0.06504516303539276,0.3164684772491455,0.14442484080791473,0.598547637462616,0.24291931092739105
03_001385.wav,0.42911550402641296,0.21256639063358307,0.18723900616168976,0.07039210200309753,0.3242815434932709,0.14743739366531372,0.5887519121170044,0.24101749062538147
04_003174.wav,0.42927539348602295,0.21453757584095,0.18965661525726318,0.07181292772293091,0.32679831981658936,0.15004384517669678,0.5880229473114014,0.24432042241096497
06_002373.wav,0.42609477043151855,0.19618938863277435,0.17277838289737701,0.0587918683886528,0.3124210834503174,0.13334032893180847,0.5935683250427246,0.226988285779953
10_000818.wav,0.4401320219039917,0.19953356683254242,0.16705496609210968,0.059106070548295975,0.31996870040893555,0.12054271250963211,0.5735654830932617,0.20061759650707245
06_000871.wav,0.45824775099754333,0.20802316069602966,0.16263508796691895,0.0609605610370636,0.3233448565006256,0.10947628319263458,0.5436283349990845,0.17791816592216492
05_003115.wav,0.4248400032520294,0.19396710395812988,0.1729389727115631,0.05723349377512932,0.30808785557746887,0.1346006989479065,0.5992190837860107,0.23125120997428894
04_003044.wav,0.5075365900993347,0.2533811032772064,0.16910581290721893,0.07248976081609726,0.32326987385749817,0.09128626435995102,0.4618374705314636,0.13670039176940918
03_001616.wav,0.5948571562767029,0.4230881631374359,0.1727602183818817,0.11982597410678864,0.30511558055877686,0.05352494865655899,0.23019465804100037,0.059253524988889694
09_002238.wav,0.6370347142219543,0.4303801357746124,0.10756135731935501,0.07130777835845947,0.2444712072610855,0.018731962889432907,0.13381560146808624,0.018478702753782272
03_001237.wav,0.5432353615760803,0.2663668394088745,0.14907371997833252,0.06078009307384491,0.2999405264854431,0.06214424595236778,0.39106854796409607,0.09059260785579681
04_000570.wav,0.5154940485954285,0.2590382397174835,0.16784006357192993,0.07055767625570297,0.3181457817554474,0.08649098128080368,0.44638633728027344,0.12905296683311462
10_000802.wav,0.5150375366210938,0.31364843249320984,0.19633199274539948,0.10766696184873581,0.33462655544281006,0.10920291393995285,0.425322562456131,0.14911285042762756
03_000528.wav,0.531962513923645,0.27356022596359253,0.16013288497924805,0.06853208690881729,0.30598199367523193,0.07463016360998154,0.40371569991111755,0.10841815173625946
06_002320.wav,0.5746615529060364,0.5612307786941528,0.15759460628032684,0.2104673683643341,0.288257896900177,0.04691949114203453,0.13043703138828278,0.041436437517404556
06_001631.wav,0.5704335570335388,0.41097748279571533,0.1844702512025833,0.13548517227172852,0.31931614875793457,0.07129792869091034,0.27282649278640747,0.08258327096700668
07_000016.wav,0.5235753655433655,0.3180839717388153,0.18679986894130707,0.10262605547904968,0.32712942361831665,0.09514228254556656,0.40019673109054565,0.12865835428237915
06_002819.wav,0.4253210127353668,0.20112599432468414,0.1793542355298996,0.06289537996053696,0.31371158361434937,0.14163951575756073,0.599872887134552,0.2394128292798996
00_000436.wav,0.6118379831314087,0.4555746018886566,0.1514732390642166,0.12159125506877899,0.2850472927093506,0.03827390447258949,0.17352089285850525,0.03837288171052933
03_001323.wav,0.5340185761451721,0.2537476718425751,0.1445903182029724,0.05835418403148651,0.29853686690330505,0.06443540006875992,0.4032959043979645,0.09474914520978928
09_001294.wav,0.5734378695487976,0.5653794407844543,0.16387774050235748,0.21717755496501923,0.2918950915336609,0.04930539056658745,0.13266721367835999,0.043526530265808105
10_000247.wav,0.568336546421051,0.3749977648258209,0.1838761568069458,0.1152043342590332,0.3199404776096344,0.07273708283901215,0.30633845925331116,0.08933433145284653
07_001912.wav,0.5750328302383423,0.564322292804718,0.15639780461788177,0.2112344354391098,0.28662994503974915,0.0461445078253746,0.12769737839698792,0.040533218532800674
04_002375.wav,0.5665382146835327,0.5942185521125793,0.17311742901802063,0.2490445375442505,0.29331323504447937,0.05429141968488693,0.12620660662651062,0.046847108751535416
09_000846.wav,0.4216756522655487,0.1879996806383133,0.1681421846151352,0.05429508537054062,0.302166610956192,0.1312367171049118,0.607862651348114,0.23037168383598328
03_001361.wav,0.5820909142494202,0.47141343355178833,0.17051757872104645,0.1580108255147934,0.30384013056755066,0.05540740117430687,0.1983635127544403,0.05722381919622421
06_001478.wav,0.4283871054649353,0.20308460295200348,0.17657575011253357,0.0635252296924591,0.31956812739372253,0.1359797865152359,0.5879545211791992,0.22583425045013428
06_001562.wav,0.5497086644172668,0.3006647825241089,0.16602922976016998,0.07779982686042786,0.312868595123291,0.06883718818426132,0.3719504773616791,0.094696544110775
10_002189.wav,0.4225987195968628,0.18541820347309113,0.1650836020708084,0.05232669413089752,0.3018994927406311,0.12712158262729645,0.6038612723350525,0.2233254611492157
00_002626.wav,0.5825786590576172,0.4844425916671753,0.1710861176252365,0.1670568585395813,0.3022106885910034,0.0560881532728672,0.18823419511318207,0.05591055750846863
03_001815.wav,0.5816817283630371,0.47478920221328735,0.1744658648967743,0.16447922587394714,0.30620062351226807,0.05861645191907883,0.19987040758132935,0.05999188870191574
04_001625.wav,0.5140989422798157,0.26068273186683655,0.16905809938907623,0.07111679762601852,0.3176938593387604,0.0899338349699974,0.44558265805244446,0.13423974812030792
00_002325.wav,0.44083043932914734,0.23034214973449707,0.19633464515209198,0.08157177269458771,0.340259313583374,0.1511790156364441,0.565554678440094,0.23385317623615265
04_002011.wav,0.4505382776260376,0.2160719484090805,0.17583441734313965,0.06733021885156631,0.33049747347831726,0.12660211324691772,0.554043173789978,0.2025168240070343
10_000672.wav,0.5772795677185059,0.5709646940231323,0.16224464774131775,0.21716806292533875,0.2878980338573456,0.047721415758132935,0.12734472751617432,0.041924525052309036
03_001907.wav,0.5865032076835632,0.5379858613014221,0.1436048299074173,0.17718808352947235,0.27585700154304504,0.03876960650086403,0.1285865306854248,0.03496570140123367
00_002600.wav,0.5396272540092468,0.25799617171287537,0.1382407397031784,0.05666928365826607,0.29427090287208557,0.05855603888630867,0.38608428835868835,0.08470162749290466
05_000543.wav,0.4217325448989868,0.18374954164028168,0.1631098985671997,0.051733970642089844,0.3015903830528259,0.12504349648952484,0.604995608329773,0.22101694345474243
04_000030.wav,0.4230748414993286,0.19427752494812012,0.1736830174922943,0.05871402472257614,0.30790916085243225,0.13651405274868011,0.6053505539894104,0.23566164076328278
00_001513.wav,0.4481144845485687,0.22335699200630188,0.18689800798892975,0.07468624413013458,0.3379705548286438,0.13983507454395294,0.5587816834449768,0.21939435601234436
06_001058.wav,0.4719487726688385,0.2208089977502823,0.16951844096183777,0.06496232748031616,0.32694536447525024,0.1098950132727623,0.5274410843849182,0.1755332052707672
06_000150.wav,0.4416234791278839,0.2157728523015976,0.18093298375606537,0.0701398253440857,0.3308843672275543,0.1355334222316742,0.5656940340995789,0.21577593684196472
05_000858.wav,0.4244076907634735,0.19677084684371948,0.17557503283023834,0.059700943529605865,0.30928105115890503,0.13800600171089172,0.6014678478240967,0.2362334430217743
03_000266.wav,0.5919698476791382,0.5164796710014343,0.14964818954467773,0.16554494202136993,0.28066688776016235,0.04122504964470863,0.14390228688716888,0.03826741874217987
00_001414.wav,0.43331193923950195,0.20554636418819427,0.17811451852321625,0.06444280594587326,0.32301804423332214,0.1350349485874176,0.5826920866966248,0.2227455973625183
06_000050.wav,0.43127644062042236,0.20700222253799438,0.1807074397802353,0.06617342680692673,0.32227879762649536,0.13899248838424683,0.5852681398391724,0.22816114127635956
04_001029.wav,0.4413518011569977,0.22682340443134308,0.19051103293895721,0.07833758741617203,0.3378663659095764,0.14563244581222534,0.563044548034668,0.22699184715747833
06_002347.wav,0.6003735065460205,0.40614640712738037,0.13649772107601166,0.09054941684007645,0.2774280607700348,0.0357029065489769,0.20073100924491882,0.04003114998340607
04_002543.wav,0.5532797574996948,0.3710259199142456,0.19211889803409576,0.1240210011601448,0.3280056118965149,0.08605524897575378,0.3335084319114685,0.10704390704631805
00_000934.wav,0.5951811671257019,0.5178680419921875,0.14646923542022705,0.16058047115802765,0.2763546109199524,0.038541607558727264,0.13758835196495056,0.03552309423685074
04_001217.wav,0.47215479612350464,0.237015500664711,0.18139956891536713,0.07689420878887177,0.33631882071495056,0.12243492156267166,0.5220481753349304,0.1885320544242859
04_000483.wav,0.5375106334686279,0.3007252514362335,0.1771450638771057,0.08508862555027008,0.322295218706131,0.0827866941690445,0.39452502131462097,0.11409295350313187
10_002295.wav,0.4282985031604767,0.210237517952919,0.1859990954399109,0.06941738724708557,0.32390886545181274,0.14643770456314087,0.5908286571502686,0.24126343429088593
03_002939.wav,0.42705339193344116,0.2032620757818222,0.17948034405708313,0.06441276520490646,0.3189113438129425,0.1399281769990921,0.5933947563171387,0.234254851937294
03_001573.wav,0.4586869478225708,0.22422881424427032,0.1805138736963272,0.07140639424324036,0.3341008722782135,0.12703189253807068,0.5431395769119263,0.19966576993465424
06_000334.wav,0.4262308180332184,0.18764080107212067,0.1617230772972107,0.053350482136011124,0.3079710900783539,0.12056202441453934,0.5933094620704651,0.20875899493694305
04_001782.wav,0.4288317561149597,0.2119625061750412,0.1876259744167328,0.07043943554162979,0.32584089040756226,0.14808858931064606,0.5900325179100037,0.24304762482643127
10_001718.wav,0.4385361969470978,0.20518676936626434,0.1747567504644394,0.06256899982690811,0.3232482075691223,0.12954410910606384,0.5749413967132568,0.21311287581920624
07_003114.wav,0.4561576545238495,0.19232097268104553,0.15100234746932983,0.051196981221437454,0.3134659230709076,0.10082535445690155,0.5504388809204102,0.16902250051498413
04_001599.wav,0.536547064781189,0.3256240487098694,0.18064133822917938,0.09981212019920349,0.32056084275245667,0.08495714515447617,0.3774968385696411,0.11319263279438019
09_000956.wav,0.43228474259376526,0.2140614241361618,0.18545429408550262,0.07049031555652618,0.32820141315460205,0.1433292031288147,0.5813173651695251,0.23207628726959229
03_003246.wav,0.5658504366874695,0.31482869386672974,0.16360624134540558,0.07974837720394135,0.30899640917778015,0.0614648163318634,0.3386027216911316,0.08224158734083176
05_003241.wav,0.4229200482368469,0.19129329919815063,0.17097283899784088,0.056624602526426315,0.305703729391098,0.13358524441719055,0.6055755615234375,0.2320556938648224
10_001071.wav,0.4281260669231415,0.2098919302225113,0.18712343275547028,0.06863299757242203,0.3221285045146942,0.1477871537208557,0.5935671925544739,0.24511145055294037
06_000905.wav,0.4244125783443451,0.1973143368959427,0.17618370056152344,0.06007528305053711,0.31100529432296753,0.138461634516716,0.6017887592315674,0.23713193833827972
00_001597.wav,0.5752779841423035,0.47168412804603577,0.18202894926071167,0.17035193741321564,0.31474462151527405,0.06525898724794388,0.21356523036956787,0.06763926893472672
06_002268.wav,0.4565476179122925,0.19753602147102356,0.1557472199201584,0.053730688989162445,0.3140271306037903,0.10400784760713577,0.5475061535835266,0.1728636473417282
03_003086.wav,0.5203348398208618,0.23937517404556274,0.13958314061164856,0.055942073464393616,0.3000905513763428,0.06508737802505493,0.42545807361602783,0.09801065176725388
10_002640.wav,0.5957961678504944,0.4724542200565338,0.15286070108413696,0.1338433176279068,0.28911522030830383,0.04062114283442497,0.1716332882642746,0.040643978863954544
00_001813.wav,0.4375029504299164,0.22464598715305328,0.19368323683738708,0.07786443084478378,0.33722248673439026,0.1499372273683548,0.5717759728431702,0.23554417490959167
03_000983.wav,0.581696093082428,0.43569013476371765,0.16145770251750946,0.13326658308506012,0.3038565218448639,0.05302777886390686,0.21950657665729523,0.05759888142347336
10_000620.wav,0.5940894484519958,0.4876815378665924,0.1641440987586975,0.15447650849819183,0.2930510640144348,0.04677015542984009,0.17126452922821045,0.04574178531765938
06_000895.wav,0.43102315068244934,0.2019023448228836,0.17329657077789307,0.06152917444705963,0.3193387985229492,0.13054224848747253,0.5836924910545349,0.21693001687526703
07_001803.wav,0.5735282897949219,0.5676661729812622,0.16306950151920319,0.21901753544807434,0.2905731201171875,0.049348775297403336,0.1309741884469986,0.04350925609469414
04_000681.wav,0.42691507935523987,0.20845729112625122,0.18516452610492706,0.06780557334423065,0.32043036818504333,0.1466611921787262,0.5946833491325378,0.24380181729793549
10_000680.wav,0.42350202798843384,0.18704530596733093,0.16307620704174042,0.05452704429626465,0.30765530467033386,0.12372957915067673,0.5984730124473572,0.21404464542865753
04_002047.wav,0.4335852563381195,0.21613989770412445,0.18671518564224243,0.07138552516698837,0.32936185598373413,0.14406797289848328,0.5789635181427002,0.23251481354236603
07_001419.wav,0.4287085235118866,0.21429765224456787,0.19048771262168884,0.07165583223104477,0.3246610164642334,0.15180931985378265,0.5911322236061096,0.24827228486537933
03_000965.wav,0.43079569935798645,0.2202989161014557,0.19552867114543915,0.07636924833059311,0.3304001986980438,0.15603959560394287,0.5872624516487122,0.25080159306526184
07_003142.wav,0.5035713911056519,0.21731489896774292,0.1408923715353012,0.05116547644138336,0.2992171049118042,0.0746757909655571,0.46736961603164673,0.11777306348085403
06_001290.wav,0.4195441007614136,0.1815619319677353,0.16285240650177002,0.0505560077726841,0.2967289090156555,0.1264970451593399,0.6132932305335999,0.2267908751964569
03_002326.wav,0.5708324909210205,0.5951627492904663,0.16608263552188873,0.2400655299425125,0.2870086133480072,0.04953046515583992,0.11941207200288773,0.04224015027284622
03_000188.wav,0.5839024782180786,0.5702841281890869,0.1421968787908554,0.1969340294599533,0.2722207009792328,0.037606131285429,0.11133644729852676,0.03219204396009445
03_002809.wav,0.5791931748390198,0.5454885959625244,0.15707458555698395,0.19707252085208893,0.28730836510658264,0.04634993150830269,0.13745982944965363,0.041970085352659225
00_000765.wav,0.43937578797340393,0.21668823063373566,0.18500378727912903,0.06980469822883606,0.32626739144325256,0.13927626609802246,0.5686758756637573,0.2220001518726349
05_001577.wav,0.5323814153671265,0.2584468722343445,0.15671472251415253,0.06481117010116577,0.3109162747859955,0.07275579869747162,0.4189545512199402,0.10744413733482361
06_003204.wav,0.4251977801322937,0.19964975118637085,0.17726875841617584,0.061872366815805435,0.3131771683692932,0.13913393020629883,0.5986245274543762,0.23583348095417023
00_000823.wav,0.577075719833374,0.38029009103775024,0.16477243602275848,0.10866948962211609,0.30324333906173706,0.0590091273188591,0.2762303352355957,0.07127045840024948
04_003117.wav,0.42932814359664917,0.2141076624393463,0.18865461647510529,0.07169461995363235,0.3264872431755066,0.14887741208076477,0.5880709886550903,0.2428203523159027
06_002392.wav,0.4962843358516693,0.24132581055164337,0.16896134614944458,0.06914956867694855,0.3223528563976288,0.09868272393941879,0.48717308044433594,0.15343977510929108
04_001185.wav,0.4251837432384491,0.2025841921567917,0.18049286305904388,0.0637420117855072,0.3149734437465668,0.14248529076576233,0.5994316935539246,0.24108709394931793
04_001161.wav,0.4290618598461151,0.21598877012729645,0.1910107582807541,0.07336984574794769,0.3275707960128784,0.15166643261909485,0.5892499089241028,0.2467372566461563
03_001470.wav,0.5243456959724426,0.2544712424278259,0.15026980638504028,0.06213841959834099,0.3050176203250885,0.07235097140073776,0.420184463262558,0.10634912550449371
06_002063.wav,0.4825096130371094,0.23952417075634003,0.1760210543870926,0.07252566516399384,0.3291393518447876,0.10998626798391342,0.5075153112411499,0.1701706498861313
09_000839.wav,0.42437246441841125,0.19739924371242523,0.17645668983459473,0.05992082133889198,0.31004101037979126,0.13872985541820526,0.601478636264801,0.237637460231781
04_002259.wav,0.43231400847435,0.21619164943695068,0.1889382153749466,0.07231076806783676,0.3286069929599762,0.14760257303714752,0.5817669630050659,0.23791730403900146
05_001860.wav,0.4279526472091675,0.21001684665679932,0.18702781200408936,0.06907911598682404,0.3222334682941437,0.14796020090579987,0.5935840606689453,0.24476103484630585
07_000571.wav,0.5828455686569214,0.5510253310203552,0.147298663854599,0.1910170316696167,0.2777499258518219,0.04091130197048187,0.1257394254207611,0.03644893318414688
03_002438.wav,0.5840722322463989,0.3833135962486267,0.15700294077396393,0.10280299186706543,0.3054591715335846,0.051090847700834274,0.2567521631717682,0.0598212331533432
03_002427.wav,0.43265244364738464,0.22066067159175873,0.19475124776363373,0.07595306634902954,0.33161553740501404,0.1534748524427414,0.5833725333213806,0.24616402387619019
05_001276.wav,0.4286973774433136,0.21377739310264587,0.1894817054271698,0.07131563872098923,0.32518723607063293,0.15048709511756897,0.5902931094169617,0.246266171336174
04_001924.wav,0.4271351397037506,0.20967930555343628,0.18677689135074615,0.06889268010854721,0.3212040364742279,0.14837878942489624,0.5956051349639893,0.2463303655385971
00_002978.wav,0.428765207529068,0.2076115608215332,0.18528321385383606,0.0674542784690857,0.3210834264755249,0.14573849737644196,0.5928153991699219,0.24130551517009735
03_000838.wav,0.4271833598613739,0.2096148431301117,0.18700118362903595,0.0685260072350502,0.3204006850719452,0.14891938865184784,0.5958753228187561,0.2472766786813736
07_000822.wav,0.4308614432811737,0.21315054595470428,0.18523405492305756,0.07041394710540771,0.32752037048339844,0.1434958279132843,0.5844987630844116,0.23355400562286377
05_000872.wav,0.42180582880973816,0.18961232900619507,0.16970600187778473,0.05535029247403145,0.3033984303474426,0.13279695808887482,0.6080902814865112,0.23272402584552765
06_000559.wav,0.42466190457344055,0.2001543492078781,0.17740121483802795,0.06247643381357193,0.3142203390598297,0.13927333056926727,0.5990821719169617,0.23612678050994873
04_001691.wav,0.5611393451690674,0.5964368581771851,0.18513821065425873,0.26400089263916016,0.30158159136772156,0.06187595799565315,0.13479523360729218,0.054024338722229004
06_001394.wav,0.5883048176765442,0.4688280522823334,0.15610703825950623,0.1462506651878357,0.2921920418739319,0.047962915152311325,0.18455345928668976,0.04881315678358078
09_000607.wav,0.44015371799468994,0.22904740273952484,0.19523188471794128,0.07933472841978073,0.33727434277534485,0.15042176842689514,0.5665698051452637,0.23591072857379913
09_001284.wav,0.4314219355583191,0.21924178302288055,0.19353140890598297,0.07483861595392227,0.3305513858795166,0.15325936675071716,0.5841777324676514,0.24670478701591492
05_001216.wav,0.42832568287849426,0.20367172360420227,0.17932920157909393,0.06408167630434036,0.3196179270744324,0.13899901509284973,0.5913429856300354,0.23215888440608978
07_001363.wav,0.4269985258579254,0.20610909163951874,0.18397292494773865,0.06569754332304001,0.3177460730075836,0.14566996693611145,0.5955079793930054,0.24320180714130402
06_002744.wav,0.43711817264556885,0.2054486721754074,0.1735086739063263,0.06255277991294861,0.32130563259124756,0.12908829748630524,0.5721357464790344,0.21185354888439178
03_000682.wav,0.586437463760376,0.4997493028640747,0.1609731763601303,0.1667264848947525,0.29336002469062805,0.04807279258966446,0.16481031477451324,0.046235714107751846
10_000024.wav,0.4878941476345062,0.24353930354118347,0.1683986783027649,0.07345372438430786,0.32724276185035706,0.10359163582324982,0.49263086915016174,0.1565544158220291
06_000768.wav,0.4282914102077484,0.2096358984708786,0.18488457798957825,0.0686577782034874,0.3226405382156372,0.1448415368795395,0.5902974009513855,0.23867002129554749
06_001327.wav,0.526258647441864,0.2687242925167084,0.16063110530376434,0.06943290680646896,0.3123266398906708,0.07546749711036682,0.41877567768096924,0.11027906090021133
00_002020.wav,0.5833653211593628,0.42616915702819824,0.1765505075454712,0.13106460869312286,0.31362226605415344,0.05934429168701172,0.23903298377990723,0.06614949554204941
04_001416.wav,0.5696496963500977,0.3351016938686371,0.16623374819755554,0.08553022146224976,0.3056226074695587,0.061604153364896774,0.31922823190689087,0.07984384149312973
09_001321.wav,0.5748899579048157,0.5689631700515747,0.16194577515125275,0.21608470380306244,0.28935152292251587,0.04766093194484711,0.12877154350280762,0.04186378791928291
04_002686.wav,0.4252135455608368,0.19853074848651886,0.175707146525383,0.060872964560985565,0.31399187445640564,0.13691967725753784,0.596766471862793,0.2323169708251953
03_002417.wav,0.4951390326023102,0.2558382451534271,0.17776142060756683,0.07824861258268356,0.32663023471832275,0.10483576357364655,0.4822961688041687,0.15820728242397308
05_000744.wav,0.431523859500885,0.21864236891269684,0.19195294380187988,0.07427661865949631,0.3299761414527893,0.15095633268356323,0.583715558052063,0.24373173713684082
04_000727.wav,0.47237318754196167,0.2296288162469864,0.17370347678661346,0.06976747512817383,0.32672396302223206,0.11541461944580078,0.52009516954422,0.18071913719177246
06_001047.wav,0.47378870844841003,0.2380155324935913,0.17912133038043976,0.07505394518375397,0.33155062794685364,0.11711569875478745,0.5166300535202026,0.18121393024921417
10_000637.wav,0.42362743616104126,0.19554132223129272,0.1739761084318161,0.05954817682504654,0.31017935276031494,0.1361989825963974,0.6023207306861877,0.23366689682006836
03_002315.wav,0.5022845268249512,0.2647002339363098,0.1717166155576706,0.07858095318078995,0.32418739795684814,0.09681527316570282,0.45567938685417175,0.14087453484535217
09_001706.wav,0.4882514476776123,0.18696363270282745,0.13040928542613983,0.04155353084206581,0.29631516337394714,0.07322896271944046,0.5088642239570618,0.12423064559698105
06_000546.wav,0.42849665880203247,0.20845375955104828,0.18259011209011078,0.0673874020576477,0.3224300742149353,0.1428530514240265,0.588476836681366,0.23544108867645264
06_000579.wav,0.5097861289978027,0.2563946545124054,0.1655815839767456,0.07062255591154099,0.318438857793808,0.0872129574418068,0.45368796586990356,0.13037994503974915
10_002947.wav,0.4266400933265686,0.2066812366247177,0.18389828503131866,0.0661247968673706,0.31806424260139465,0.14568576216697693,0.5959897041320801,0.24334272742271423
10_000510.wav,0.5257251858711243,0.2841950058937073,0.17926552891731262,0.0835573673248291,0.32681968808174133,0.09041604399681091,0.42519089579582214,0.12939508259296417
00_001429.wav,0.5584301352500916,0.32935845851898193,0.17505934834480286,0.08998376131057739,0.3156161308288574,0.07137541472911835,0.3475343585014343,0.09380678832530975
05_000203.wav,0.4450506865978241,0.22156989574432373,0.1844259351491928,0.07354807108640671,0.33537566661834717,0.1386341154575348,0.5596052408218384,0.2179570496082306
10_002955.wav,0.5262105464935303,0.25518113374710083,0.14709711074829102,0.06118534132838249,0.3017517328262329,0.06867750734090805,0.41241124272346497,0.10064468532800674
09_003203.wav,0.4357575476169586,0.22840943932533264,0.1994190514087677,0.08052408695220947,0.33713436126708984,0.15692710876464844,0.5766791701316833,0.24784478545188904
06_002464.wav,0.42444169521331787,0.19857440888881683,0.176261305809021,0.06129701808094978,0.3128014802932739,0.13828667998313904,0.5997329950332642,0.23536323010921478
05_001530.wav,0.5269654989242554,0.2784428894519806,0.1732863485813141,0.07754285633563995,0.32039132714271545,0.0853898897767067,0.42115122079849243,0.12314023077487946
06_000876.wav,0.4246171712875366,0.1938476860523224,0.1692650318145752,0.058017704635858536,0.3113216757774353,0.13016735017299652,0.5954927802085876,0.22233040630817413
00_001697.wav,0.5880184173583984,0.38933107256889343,0.18117575347423553,0.11191675066947937,0.3167453110218048,0.06347139179706573,0.27563026547431946,0.07425226271152496
03_000215.wav,0.5744544863700867,0.5507239699363708,0.15898340940475464,0.20504526793956757,0.29036378860473633,0.048188865184783936,0.1373908817768097,0.04334655776619911
03_003011.wav,0.5651459097862244,0.5630390644073486,0.17911353707313538,0.23442837595939636,0.30489641427993774,0.060217395424842834,0.14860323071479797,0.05439875274896622
06_002028.wav,0.44757089018821716,0.21912124752998352,0.18067163228988647,0.07152566313743591,0.3328137993812561,0.13281533122062683,0.55781090259552,0.21094170212745667
03_000840.wav,0.6148819327354431,0.49960026144981384,0.10918957740068436,0.11897784471511841,0.24269160628318787,0.02236797846853733,0.1103253960609436,0.020381968468427658
04_003151.wav,0.42431551218032837,0.19902373850345612,0.17760500311851501,0.06122841313481331,0.31145405769348145,0.14008118212223053,0.6015409827232361,0.23901575803756714
10_002515.wav,0.42796701192855835,0.20376905798912048,0.177511528134346,0.064785897731781,0.32005444169044495,0.1365976631641388,0.5896062254905701,0.2269713282585144
10_000741.wav,0.431167870759964,0.21084003150463104,0.184625044465065,0.06909656524658203,0.32508403062820435,0.14263635873794556,0.5858058333396912,0.23390862345695496
04_002884.wav,0.43078458309173584,0.2112552672624588,0.18489117920398712,0.06827869266271591,0.3244670033454895,0.14423632621765137,0.5840019583702087,0.23535500466823578
04_001123.wav,0.4230143129825592,0.1916462481021881,0.17022934556007385,0.05659357085824013,0.30621397495269775,0.13265877962112427,0.6036387085914612,0.2299746572971344
06_001922.wav,0.4273584187030792,0.19824989140033722,0.17314837872982025,0.060343362390995026,0.31608444452285767,0.13267746567726135,0.5913524031639099,0.22340957820415497
03_000230.wav,0.4893835783004761,0.24098026752471924,0.1624477058649063,0.06894823163747787,0.32091769576072693,0.09538537263870239,0.4851338267326355,0.14524424076080322
06_000013.wav,0.43426865339279175,0.2253725826740265,0.19453886151313782,0.07856220752000809,0.334485799074173,0.15235158801078796,0.5758388042449951,0.24089974164962769
05_002770.wav,0.42043814063072205,0.1844637095928192,0.1649608314037323,0.05205287039279938,0.2990076541900635,0.12849825620651245,0.6104355454444885,0.2280399352312088
06_000356.wav,0.4227890372276306,0.19028374552726746,0.1688711941242218,0.05576113611459732,0.30632275342941284,0.13093915581703186,0.6027477383613586,0.22762733697891235
03_002759.wav,0.5782042741775513,0.5245424509048462,0.16492488980293274,0.18976260721683502,0.29517263174057007,0.05164382979273796,0.15618236362934113,0.04824706166982651
04_002755.wav,0.4320654273033142,0.2214859127998352,0.19444338977336884,0.07668376713991165,0.33159005641937256,0.15377388894557953,0.5828776955604553,0.2458454817533493
06_000031.wav,0.44587886333465576,0.21344085037708282,0.17252397537231445,0.06823628395795822,0.3303694725036621,0.12558616697788239,0.5572881698608398,0.2008834034204483
03_000503.wav,0.5885196328163147,0.4588782787322998,0.16718177497386932,0.14434807002544403,0.3019030690193176,0.05248360335826874,0.20192524790763855,0.05488073453307152
07_000382.wav,0.5659372806549072,0.5765292644500732,0.17425599694252014,0.2378983050584793,0.2997078001499176,0.0563485324382782,0.13633587956428528,0.049334682524204254
05_000696.wav,0.43038123846054077,0.2189577966928482,0.19295339286327362,0.07514378428459167,0.3301456868648529,0.15303495526313782,0.586195707321167,0.24708275496959686
